{"stats":{"minecraft:used":{"minecraft:wooden_sword":3,"minecraft:sand":9},"minecraft:picked_up":{"minecraft:sand":9},"minecraft:mined":{"minecraft:grass":1,"minecraft:tall_grass":1,"minecraft:sand":9},"minecraft:killed":{"cobblemon:pokemon":1},"minecraft:custom":{"minecraft:jump":29,"minecraft:time_since_rest":4742,"minecraft:damage_dealt":100,"minecraft:sprint_one_cm":4498,"minecraft:leave_game":3,"minecraft:play_time":4742,"minecraft:time_since_death":4742,"minecraft:walk_one_cm":4106,"minecraft:total_world_time":4742,"minecraft:mob_kills":1,"minecraft:fall_one_cm":209,"minecraft:fly_one_cm":5475}},"DataVersion":3465}