{"stats":{"minecraft:picked_up":{"minecraft:sand":9},"minecraft:custom":{"minecraft:jump":96,"minecraft:damage_taken":50,"minecraft:time_since_rest":10299,"minecraft:damage_dealt":148,"minecraft:crouch_one_cm":1018,"minecraft:leave_game":3,"minecraft:play_time":10299,"minecraft:sprint_one_cm":8420,"minecraft:walk_one_cm":18047,"minecraft:time_since_death":10299,"minecraft:sneak_time":300,"minecraft:total_world_time":10299,"minecraft:mob_kills":1,"minecraft:fall_one_cm":1583,"minecraft:fly_one_cm":9444},"minecraft:used":{"minecraft:wooden_sword":4,"minecraft:sand":9},"minecraft:mined":{"minecraft:tall_grass":1,"minecraft:grass":1,"minecraft:sand":9},"minecraft:killed":{"cobblemon:pokemon":1}},"DataVersion":3465}